{
    "questions": [{
            "questionText": "Who invented Java Programming?",
            "options": [{
                    "text": "James Gosling",
                    "correct": true
                },
                {
                    "text": "Guido van Rossum"
                },
                {
                    "text": "Dennis Ritchie"
                },
                {
                    "text": "Bjarne Stroustrup"
                }
            ],
            "explanation": "Java programming was developed by James Gosling at Sun Microsystems in 1995. James Gosling is well known as the father of Java"
        },
        {
            "questionText": "Which statement is true about Java?",
            "options": [{
                    "text": "Java is a sequence-dependent programming language"
                },
                {
                    "text": "Java is a code dependent programming language"
                },
                {
                    "text": "Java is a platform-dependent programming language"
                },
                {
                    "text": "Java is a platform-independent programming language",
                    "correct": true
                }
            ],
            "explanation": " Java is called ‘Platform Independent Language’ as it primarily works on the principle of ‘compile once, run everywhere’"
        },
        {
            "questionText": "Which component is used to compile, debug and execute the java programs?",
            "options": [{
                    "text": "JRE"
                },
                {
                    "text": "JIT"
                    
                },
                {
                    "text": "JDK",
                    "correct": true
                },
                {
                    "text": "JVM"
                }
            ],
            "explanation": "JDK is a core component of Java Environment and provides all the tools, executables and binaries required to compile, debug and execute a Java Program"
        },
        {
            "questionText": "Which one of the following is not a Java feature?",
            "options": [{
                    "text": "Object-oriented"
                },
                {
                    "text": "Use of pointers",
                    "correct": true
                },
                {
                    "text": "Portable"
                },
                {
                    "text": "Dynamic and Extensible"
                }
            ],
            "explanation": "Pointers is not a Java feature. Java provides an efficient abstraction layer for developing without using a pointer in Java. Features of Java Programming are Portable, Architectural Neutral, Object-Oriented, Robust, Secure, Dynamic and Extensible, etc."
        },
        {
            "questionText": "Which of these cannot be used for a variable name in Java?",
            "options": [{
                    "text": "identifier & keyword"
                },
                {
                    "text": "identifier"
                },
                {
                    "text": "keyword",
                    "correct": true
                },
                {
                    "text": "none of the mentioned"
                }
            ],
            "explanation": "Keywords are specially reserved words that can not be used for naming a user-defined variable, for example: class, int, for, etc."
        },
        {
            "questionText": "What is Truncation in Java?",
            "options": [{
                    "text": "Floating-point value assigned to a Floating type"
                },
                {
                    "text": "Floating-point value assigned to an double type"
                },
                {
                    "text": "Integer value assigned to floating type"
                },
                {
                    "text": "Floating-point value assigned to an integer type",
                    "correct": true
                }
            ],
            "explanation": "None"
        },
        {
            "questionText": "Which class provides system independent server side implementation?",
            "options": [{
                    "text": "Server"
                },
                {
                    "text": "ServerSocket"
                },
                {
                    "text": "Socket"
                },
                {
                    "text": "ServerReader",
                    "correct": true
                }
            ],
            "explanation": "ServerSocket is a java.net class which provides system independent implementation of server side socket connection."
        },
        {
            "questionText": "Which of the following is a primitive data type in Java?",
            "options": [{
                    "text": "String"
                },
                {
                    "text": "int",
                    "correct": true
                },
                {
                    "text": "Array"
                },
                {
                    "text": "Object"
                }
            ],
            "explanation": "None"
        },
        {
            "questionText": "Evaluate the following Java expression, if x=3, y=5, and z=10:\n++z + y - y + z + x++",
            "options": [{
                    "text": "25",
                    "correct": true
                },
                {
                    "text": "24"
                },
                {
                    "text": "20"
                },
                {
                    "text": "23"
                }
            ],
            "explanation": "++z +y -y +z + x++\n11 + 5 - 5 + 11 + 3 = 25"
        },
        {
            "questionText": "Select which is not the core concepts of OOPS.",
            "options": [{
                    "text": "Abstraction"
                },
                {
                    "text": "Inheritance"
                },
                {
                    "text": "Interface",
                    "correct": true
                },
                {
                    "text": "Polymorphism"
                }
            ],
            "explanation": "OOPS core concepts are; Abstraction, Encapsulation, Polymorphism, Inheritance, Composition, Association, Aggregation"
        }
    ]
}